{"train_samples_per_second":1.446,"train/learning_rate":1.2121212121212122e-07,"train/global_step":170,"_wandb":{"runtime":3732},"train_loss":0.40793549874249624,"eval/steps_per_second":0.685,"total_flos":3.508103653883904e+15,"_timestamp":1.7727366578584127e+09,"eval/loss":0.3059057593345642,"train/num_tokens":1.206246e+06,"train/grad_norm":3.0406131744384766,"_step":51,"train/epoch":2,"eval/num_tokens":1.206246e+06,"train_steps_per_second":0.046,"train_runtime":3734.828,"_runtime":3732,"eval/mean_token_accuracy":0.9161309270482314,"eval/runtime":55.5,"eval/samples_per_second":5.405,"train/mean_token_accuracy":0.9152069858142308,"train/loss":0.3128}